Mã sản phẩm,Tên sản phẩm,Giá,Doanh thu,Tên cửa hàng,Tỉ lệ hoa hồng,Hoa hồng,Link sản phẩm,Link ưu đãi
29930147791,[d'Alba Official] Kem chống nắng Nâng tone Xanh lá White Truffle Tone Up Green Correcting Suncream 50ml,"506,9k",8k+,d'Alba Official Store,15%,₫76.032,https://shopee.vn/product/562665255/29930147791,https://s.shopee.vn/70CKNbSEPg
28166674195,"[d'Alba Official] Combo Chăm sóc và bảo vệ da (Serum dạng xịt làm dịu và cấp ẩm 100ml, Kem chống nắng tông màu tím 50ml)","975,3k",2k+,d'Alba Official Store,10%,₫97.530,https://shopee.vn/product/562665255/28166674195,https://s.shopee.vn/7AVkZuRb4j
28473018197,"[d'Alba Official] SET quà tặng độc quyền bản giới hạn (Mist Serum 100ml, Vita Capsule Serum 50ml, Móc khóa kem tay)","940,5k",1k+,d'Alba Official Store,10%,₫94.050,https://shopee.vn/product/562665255/28473018197,https://s.shopee.vn/6fZTyzTV5e
23552060269,"Giấy vệ sinh treo tường TopGia đa sắc đa năng từ bột giấy thiên nhiên, 1280tờ/4lớp","125,0k",1tr+,TopGia HCM Store,9%,₫11.250,https://shopee.vn/product/1016604648/23552060269,https://s.shopee.vn/6psuBISrkh
10402966829,"[Torriden Chính hãng] Serum DIVE IN chứa Hyaluronic Acid, 50ml, 50ml+50ml, Serum","299,2k",200k+,VN_Torriden Official Store,15%,₫44.880,https://shopee.vn/product/436346871/10402966829,https://s.shopee.vn/7fS1ApPh3s
11316158786,Vaseline Body Tone-Up Sữa dưỡng thể nâng tông tức thì 300ML,"145,0k",100k+,Unilever - Chăm Sóc Cá Nhân,10%,₫14.500,https://shopee.vn/product/111138057/11316158786,https://s.shopee.vn/7plRN8P3iv
21771607962,"[Torriden Chính hãng] [SET] Serum và kem dưỡng làm dịu da DIVE IN, 50ml+100ml","545,2k",40k+,VN_Torriden Official Store,15%,₫81.777,https://shopee.vn/product/436346871/21771607962,https://s.shopee.vn/7KpAmDQxjq
23258487489,"[SIZE XL - PREMIUM] Giấy vệ sinh treo tường Top Gia 1280 tờ 4 lớp đa năng cao cấp tiện lợi, mềm mại","129,0k",20k+,TopGia HCM Store,8%,₫10.320,https://shopee.vn/product/1016604648/23258487489,https://s.shopee.vn/7V8ayWQKOt
21960033553,"[Torriden Chính hãng] Gel làm sạch da BALANCEFUL CICA, 200ml, Cleansing Gel","257,4k",7k+,VN_Torriden Official Store,15%,₫38.610,https://shopee.vn/product/436346871/21960033553,https://s.shopee.vn/5fgwn9XJ7Y
20567055749,[CHÍNH HÃNG ĐỘC QUYỀN] Smoothie Tẩy Tế Bào Chết Body Dove Chăm Da Sáng Mịn 298g,"166,0k",600k+,Unilever - Chăm Sóc Cá Nhân,9%,₫14.940,https://shopee.vn/product/111138057/20567055749,https://s.shopee.vn/5q0MzSWfmb
14890300135,"[Dung Tích Lớn] Dầu Gội Nam Xmen 900g Wood/Fire/Metal - Dung Tích Lớn, Mùi Hương Nam Tính 2X Sạch Sâu","175,0k",8k+,X-men Official Store,14%,₫24.500,https://shopee.vn/product/93949212/14890300135,https://s.shopee.vn/5L46OXYZnW
7519041067,Dung dịch làm sạch và tẩy trang công nghệ Micellar cho da thường & nhạy cảm Bioderma Sensibio H2O - 500ml,"439,0k",100k+,Bioderma Official Store,10%,₫43.900,https://shopee.vn/product/233692311/7519041067,https://s.shopee.vn/5VNWaqXwSZ
19061194166,[Beyond Official] Kem dưỡng ẩm Tinh Linh Nước làm dịu Beyond Angel Aqua Moisture Cream,"264,0k",60k+,Beyond Official Store,13%,₫34.320,https://shopee.vn/product/898302087/19061194166,https://s.shopee.vn/6KwdaNUllk
23318918089,Dầu Tắm ÔLIV 3X Dưỡng Ẩm/Dưỡng Sáng Da/Dành Cho Làn Da Nhạy Cảm 250ML/650ML/1L,"68,0k",50k+,LASHE SUPERFOOD | PURITÉ,17%,₫11.560,https://shopee.vn/product/779659055/23318918089,https://s.shopee.vn/6VG3mgU8Qn
26753987726,[LS][Chọn loại] Combo 2 Túi Nước Giặt Xả Chanté Cao Cấp 8 Trong 1,"189,0k",80k+,MASAN CONSUMER OFFICIAL,12%,₫22.680,https://shopee.vn/product/987373161/26753987726,https://s.shopee.vn/60JnBlW2Ri
29416666887,【Bảo hành tại địa phương】 GOOJODOQ Quạt gấp 3 trong 1 180° im lặng 100 cấp độ có thể điều chỉnh siêu năng lượng gió Quạt di động Màn hình LED,"179,0k",200k+,Goojodoq Offical Shop.VN,8%,₫14.320,https://shopee.vn/product/1053077389/29416666887,https://s.shopee.vn/6AdDO4VP6l
8509146185,Sữa rửa mặt không gây kích ứng cho da nhạy cảm Eucerin pH5 Facial Cleanser 400ml,"283,0k",90k+,EUCERIN GIAN HÀNG CHÍNH HÃNG,12%,₫33.960,https://shopee.vn/product/82297261/8509146185,https://s.shopee.vn/9fD5YVI50S
16554880560,[d'Alba Official] Serum phục hồi và làm thơm tóc d'Alba Reparing Hair Perfume Serum 50ml/100ml,"396,0k",1k+,d'Alba Official Store,10%,₫39.600,https://shopee.vn/product/562665255/16554880560,https://s.shopee.vn/9pWVkoHRfV
3431453055,Combo 3 quần lót nam dáng Trunk Bamboo kháng khuẩn Coolmate,"199,0k",500k+,Coolmate - Official Store,8%,₫15.920,https://shopee.vn/product/24710134/3431453055,https://s.shopee.vn/9KaF9tJLgQ
27075791499,"Giấy vệ sinh treo tường TopGia Tiểu Hạ, giấy rút đáy thùng 10b/12b/8b/6b 1000 tờ 4lớp dày dai mịn","129,0k",20k+,TopGia Official,10%,₫12.900,https://shopee.vn/product/550942423/27075791499,https://s.shopee.vn/9UtfMCIiLT
7542915963,"Bình xịt phòng JULYHOUSE 280ml tinh dầu Sả Chanh, Bạc Hà, Bạch Đàn Chanh, Quế, Oải Hương thơm phòng","160,0k",10k+,Julyhouse Official Store,8%,₫12.800,https://shopee.vn/product/91686190/7542915963,https://s.shopee.vn/AKSmLjFXee
27408625296,Máy Hút Chân Không Thực Phẩm Kèm Hàn Miệng Túi Vacuum Sealer ( tặng 10 túi hút ),"127,0k",400k+,Gia Dụng Việt_123,8%,₫10.160,https://shopee.vn/product/543219209/27408625296,https://s.shopee.vn/AUmCY2EuJh
12507537079,"Đèn Học Tích Điện LED 3 Màu Sáng Chống Cận Thị Bảo Vệ Mắt, Đèn Học Để Bàn Thiết Kế Gấp Gọn Tiện Lợi","118,0k",30k+,Homebox - Thế Giới Tiện Ích,15%,₫17.700,https://shopee.vn/product/534730986/12507537079,https://s.shopee.vn/9zpvx7GoKc
22945301054,"Vợt Muỗi Kiêm Đèn Bắt Muỗi 2 In 1 Đa Năng, Đèn Bắt Muỗi Tự Động Có Cổng Sạc USB Và Đế Tiện Dụng","145,0k",100k+,Cửa Hàng Gia Dụng HaChi,5%,₫7.250,https://shopee.vn/product/461477539/22945301054,https://s.shopee.vn/AA9M9QGAzf
29186272780,GLADE Sáp Thơm Phiên Bản Giới Hạn Hello Kitty 180g,"63,3k",2k+,SC_JOHNSON OFFICIAL STORE,12%,₫7.592,https://shopee.vn/product/340382054/29186272780,https://s.shopee.vn/8Khhy3N9iK
25536072454,Chảo Chống Dính Sâu Lòng Vân Đá Tổ Ong Hàn Quốc Dùng Được Cho Mọi Loại Bếp Chất Liệu Inox 3 Lớp Cao Cấp Tiện Dụng,"159,0k",100k+,Gia Dụng_VINA TECH,5%,₫7.950,https://shopee.vn/product/663089693/25536072454,https://s.shopee.vn/8V18AMMWNN
25562232892,LACCOHUG Tủ Giày tủ đựng giày chất liệu mây 4 CỬA 8 TẦNG tối giản phong cách nhật bản chống ẩm,"551,1k",4k+,LACCOHUG.VN,10%,₫55.113,https://shopee.vn/product/1003569305/25562232892,https://s.shopee.vn/804rZROQOI
23284937286,Tẩy đa năng Dr natro tẩy sạch mọi vết bẩn công nghệ ion từ trường 500ml - Tuanhstore,"142,0k",40k+,TuAnhStore90,16%,₫22.720,https://shopee.vn/product/1104041071/23284937286,https://s.shopee.vn/8AOHlkNn3L
28514708244,"Máy Xông Tinh Dầu Cao Cấp Modeco 2024 - 6 Chế Độ Tự Động Khuếch Tán Phun Sương Thơm Phòng Ngủ, Phòng Khách, Nhà Vệ Sinh","98,0k",1k+,Modeco - Gia Dụng Thông Minh,10%,₫9.800,https://shopee.vn/product/818708860/28514708244,https://s.shopee.vn/8zxOlHKcMW
20476435507,"Hộp cơm cắm điện 2 tầng 4 ngăn inox giữ nhiệt hâm đóng và tự nấu chín thức ăn, Cà Men Đựng Cơm Đi Làm. New - HC2","240,0k",200k+,tong_kho_gia_dung_giare,5%,₫12.000,https://shopee.vn/product/130158819/20476435507,https://s.shopee.vn/9AGoxaJz1Z
24076240143,"Đèn LED Để Bàn Đa Năng, Đèn Học Để Bàn Chống Cận Cao Cấp Với 3 Màu Sáng Và Đồng Hồ LCD Sắc Nét  HOT","118,0k",400k+,roeicosrigel687,10%,₫11.800,https://shopee.vn/product/717152762/24076240143,https://s.shopee.vn/8fKYMfLt2U
8317323594,"[MIỄN SHIP] 10 Gói (Tặng 1) Bột Thông Tắc Cống, Bồn Cầu, Đường Ống, Bồn Rửa Mặt SH07 SH.07 (100g / Gói)","150,0k",300k+,Tạp Hoá Huy Liên,10%,₫15.000,https://shopee.vn/product/298907287/8317323594,https://s.shopee.vn/8pdyYyLFhX
24211548714,"Hộp khử mùi tủ lạnh than hoạt tính AMB, diệt khuẩn, đánh bay khí hôi khó chịu hút ẩm bảo quản, khử mùi tủ đồ, tủ giày","39,0k",2k+,Công Nghệ Xanh - AMB Việt Nam,8%,₫3.120,https://shopee.vn/product/530973904/24211548714,https://s.shopee.vn/1gAo1nmXFA
16198570057,"Cân Điện Tử Tính Tiền KAW Bản Tiếng Việt, 2 Mặt Hiển Thị, Loại Chống Nước, Chống Rung (BẢN NANG CẤP)","499,7k",50k+,KAW.STORE VIETNAM,7%,₫34.979,https://shopee.vn/product/507223015/16198570057,https://s.shopee.vn/1qUEE6ltuD
26404867203,[Bảo hành 30 năm] Tấm lót bàn2.0MM PVC Tấm lót bàn ăn Tấm lót chống trượt chất lượng cao khăn trải bàn pvc,"76,5k",2k+,NovaBuy,10%,₫7.650,https://shopee.vn/product/1297127080/26404867203,https://s.shopee.vn/1LXxdBnnv8
24584268769,"Nước Rửa Sinh Học SukGarden Chiết Xuất Enzyme Thực Vật - Hỗ Trợ Rửa Chén Bát, Rau Củ Quả","135,0k",3k+,SukGarden VN,10%,₫13.500,https://shopee.vn/product/1309942639/24584268769,https://s.shopee.vn/1VrNpUnAaB
42654045886,"𝐂𝐡𝐢́𝐧𝐡 𝐇𝐚̃𝐧𝐠 𝐃𝐑.𝐖𝐄𝐋𝐋 – Xịt Khử Mùi Toilet Nhà Vệ Sinh 50ml - Khử Mùi Bồn Cầu Nhanh Chóng, Thơm Phòng","54,0k",370,DR.WELL Live Clean Be Well,20%,₫10.800,https://shopee.vn/product/1210991310/42654045886,https://s.shopee.vn/2LQUp1jztM
29800619141,Hộp Đựng Thực Phẩm Cao Cấp Modeco - Hộp Inox 304 Đựng Thức Ăn Có Nắp Đậy Kín Chống Rò Rỉ Đạt Chất Lượng LFGB,"119,0k",3k+,Modeco - Gia Dụng Thông Minh,10%,₫11.900,https://shopee.vn/product/818708860/29800619141,https://s.shopee.vn/2Vjv1KjMYP
27901673524,Bình Nước Thể Thao Nhựa Tritan 2 Lít Cỡ Lớn To Trong Suốt Có Chia Vạch Nhắc Giờ Kèm Ống Hút Tặng Sticker 1500ml 2000ml,"239,0k",606,YOLO SPORT Official,10%,₫23.900,https://shopee.vn/product/97893884/27901673524,https://s.shopee.vn/20neQPlGZK
19388126471,(Tặng 3 kobe + 2 sữa chua ) Combo NHẤT THỐNG: 30 gói snack nem nướng + 1 hũ mái tôn + 10 sashimi + 5 snack cột điện,"169,0k",100k+,Ăn Cùng Bà Tuyết,10%,₫16.900,https://shopee.vn/product/279658061/19388126471,https://s.shopee.vn/2B74cikdEN
23571503974,"10 Hủ Nước Yến Sào Chưng Sẵn 14 vị, Yến Nguyên Anh, 350mg yến tươi thật, 70ml, ghi chú chọn vị, Hủ ít ngọt","194,8k",100k+,Yến Nguyên Anh,10%,₫19.475,https://shopee.vn/product/296206043/23571503974,https://s.shopee.vn/LfQRLrbx2
16328343980,Granola Ngũ Cốc Ăn Sáng Các Loại Hạt Và Trái Cây Ngon Giòn từ Nông Sản Giọt Nắng,"129,0k",400k+,Nông Sản Giọt Nắng,10%,₫12.900,https://shopee.vn/product/307491301/16328343980,https://s.shopee.vn/Vyqdeqyc5
6128644819,Sữa Bột Anlene Hương Vani 1.2kg,"545,0k",60k+,Fonterra Official Store,6%,₫32.700,https://shopee.vn/product/135890280/6128644819,https://s.shopee.vn/12a2jssd0
1917481546,"500Gr Hạt điều rang muối Mẹ rô. Có hồ sơ công bố, Xuất hóa đơn công ty đầy đủ","138,0k",200k+,THỰC PHẨM SẠCH MẸ RÔ SỐ 1,10%,₫13.800,https://shopee.vn/product/104828612/1917481546,https://s.shopee.vn/BM0F2sFI3
26111918171,"Nụ hoa tam thất khô đóng 100g, 200g dùng để pha trà giúp ngủ ngon, thanh nhiệt, ổn định huyết áp, tim mạch","175,0k",100k+,Thảo Dược Vùng Cao Giá Rẻ,5%,₫8.750,https://shopee.vn/product/733044730/26111918171,https://s.shopee.vn/10v7EZp4bE
15803961985,Granola Siêu Hạt Dinh Dưỡng Vị Truyền Thống - Ngũ Cốc Dinh Dưỡng OLABEN NUTRITION,"199,0k",70k+,Olaben Nutrition,6%,₫11.940,https://shopee.vn/product/599719632/15803961985,https://s.shopee.vn/1BEXQsoRGH
43508358436,Combo 20 chân gà rút xương tê cay - ĂN CÙNG BÀ TUYẾT,"179,0k",60k+,Ăn Cùng Bà Tuyết,10%,₫17.900,https://shopee.vn/product/279658061/43508358436,https://s.shopee.vn/gIGpxqLHC
8817329559,Set nguyên liệu kẹo nougat thượng hạng ONICI,"163,0k",50k+,BẾP CỦA MẸ ONICI,11%,₫17.930,https://shopee.vn/product/278100765/8817329559,https://s.shopee.vn/qbh2GphwF
7553084923,"Thùng 12 lon trà lên men Star Kombucha mix vị (250ml/lon) - Trà lên men vi sinh hỗ trợ tiêu hóa, bảo vệ sức khỏe","359,0k",60k+,Star Kombucha Official Store,10%,₫35.900,https://shopee.vn/product/218106617/7553084923,https://s.shopee.vn/4LBZChcNpw
22755160844,"Mật Ong Rừng Già Tự Nhiên LengKengFarm - Không Phải Ong Nuôi, Không Pha Tạp Chất- Mật Ong Hoa Nhãn- Mật Ong Cà Phê","245,0k",30k+,Leng Keng Farm,10%,₫24.500,https://shopee.vn/product/79220647/22755160844,https://s.shopee.vn/4VUzP0bkUz
19616169570,Set làm bánh Panna Cotta 5 vị ONICI set nguyên liệu nấu thành phẩm 60-65 hủ 60ml,"119,0k",50k+,BẾP CỦA MẸ ONICI,11%,₫13.090,https://shopee.vn/product/278100765/19616169570,https://s.shopee.vn/40Yio5deVu
19390347271,[GIÁ SỈ] 5Kg Lương Khô Mix 15 Vị Hạt Dinh Dưỡng Và Trái Cây Dùng Để Ăn Vặt Ăn Sáng Thay Bữa,"129,1k",100k+,SHOP 92MALL,12%,₫15.498,https://shopee.vn/product/1023876692/19390347271,https://s.shopee.vn/4As90Od1Ax
28511912187,"Bột cần tây sấy lạnh nguyên chất 100%, giảm cân, tốt tim mạch, detox cơ thể, giải độc, ngủ ngon, nhuận tràng","160,0k",300k+,Thảo Dược Vùng Cao Giá Rẻ,5%,₫8.000,https://shopee.vn/product/733044730/28511912187,https://s.shopee.vn/50RFzvZqU8
25009818290,"Mật Ong Rừng Già Thuần Tự Nhiên LengKengFarm - Không Phải Ong Nuôi, Không Pha Tạp Chất- Mật Ong Hoa Nhãn- Mật Ong C","265,0k",50k+,Thuần Chay Tâm Tín Đức,8%,₫21.200,https://shopee.vn/product/1084913304/25009818290,https://s.shopee.vn/5AkgCEZD9B
24389484524,Sốt Chấm CayTeDai x1 CAY VỪA - Sốt Muối Chấm Lâm Vlog Cay Tê Dại x1,"83,3k",60k+,Lâm Vlog Food,7%,₫5.831,https://shopee.vn/product/1424739765/24389484524,https://s.shopee.vn/4foPbJb7A6
2305104357,"Hạt điều rang muối nguyên lụa. Có hồ sơ công bố, xuất hóa đơn công ty đầy đủ","140,0k",70k+,THỰC PHẨM SẠCH MẸ RÔ SỐ 2,8%,₫11.200,https://shopee.vn/product/140094218/2305104357,https://s.shopee.vn/4q7pncaTp9
15157877078,"Bột Sắn Dây Bắc Nguyên Chất LOẠI ĐẶC BIỆT - SẠCH 100% Không Pha Tạp Chất, SỈ SLL","195,0k",100k+,Leng Keng Farm,10%,₫19.500,https://shopee.vn/product/79220647/15157877078,https://s.shopee.vn/30gBcFhSXo
28500938755,"Mật ong rừng nguyên chất núi Pleiku Gia Lai, 100% tự nhiên nguyên chất (bao đổi trả 60 ngày nếu không ưng)","125,0k",10k+,Mật Ong Thiên Nhiên Bazan,10%,₫12.500,https://shopee.vn/product/1265218524/28500938755,https://s.shopee.vn/3AzboYgpCr
21749187997,"Dầu ăn Simply ,Dầu đậu Nành Simply / Neptune Light / Meizan Gold DATE DÀI","54,1k",80k+,BẾP MẸ BINBON,2%,₫1.081,https://shopee.vn/product/65851647/21749187997,https://s.shopee.vn/2g3LDdijDm
2270842433,Váy ngủ hai dây đầm ngủ thun mềm mịn có đệm ngực đuôi xếp li ( tặng kèm bịt mắt ) P3-D3,"68,3k",100k+,TIPI SHOP,2%,₫1.366,https://shopee.vn/product/39923306/2270842433,https://s.shopee.vn/2qMlPwi5sp
21247948961,Áo Cúp Ngực Không Dây Chống Tụt Chất Su Kèm Phụ Kiện Mặc Nhiều Kiểu - Eva 018,"86,0k",90k+,Chichi Houses,11%,₫9.460,https://shopee.vn/product/100489601/21247948961,https://s.shopee.vn/3fvsPTevC0
27337270691,Set Bộ Chân Váy ECOCHIC DREAM FIT SET Áo Crop Cổ Polo Halfzip Phối Chân Váy Chất Liệu Cao Cấp Mềm Mịn Chính Hãng B171,"655,0k",1k+,ECOCHIC Official Store,10%,₫65.500,https://shopee.vn/product/1021945839/27337270691,https://s.shopee.vn/3qFIbmeHr3
25322048683,Quần Short Denim Chauzi Lưng Cao Phối Túi Trước Cho Nữ Cao Cấp Phong Cách Thời Trang Hàn Quốc QS247,"76,0k",100k+,CHAUZI,9%,₫6.840,https://shopee.vn/product/705387915/25322048683,https://s.shopee.vn/3LJ20rgBry
29452494947,"Áo thun cổ tròn DAZZI BRAND chất thun gân tăm,Áo thun nữ form ôm Babytee,áo thun body thắt eo [A01]","39,0k",600k+,Dazzi Brand,12%,₫4.680,https://shopee.vn/product/852388548/29452494947,https://s.shopee.vn/3VcSDAfYX1
23184851474,Quần độn mông nữ độn hông Vyasmile gen bụng cạp cao lên dáng tự nhiên không lộ,"239,0k",10k+,Whitestrips,10%,₫23.900,https://shopee.vn/product/541614267/23184851474,https://s.shopee.vn/7AVkZuRb5k
25986166183,"Bộ Dài Mặc Nhà Nữ Áo Tay Dài Gắn Nút - Quần Dài Đũi Mềm Mại - NEONVN set đồ bộ tay dài quần dài mặc nhà mềm mại, ấm áp","215,0k",2k+,Neonvn,15%,₫32.250,https://shopee.vn/product/27922391/25986166183,https://s.shopee.vn/70CKNbSEQj
15679097704,Quần linen dài nữ ống suông rộng UNLEASHED cạp chun rút dây có túi sâu 2 bên Sandy Summer Pants 01,"290,0k",8k+,unleashedvn,7%,₫20.300,https://shopee.vn/product/63387678/15679097704,https://s.shopee.vn/6psuBISrli
24042118029,Áo Thun Local Brand ECOCHIC SLITHER TSHIRT Chính Hãng Form Rộng Phông Nam Nữ Unisex Oversize 100% Cotton B137,"183,0k",2k+,ECOCHIC Official Store,10%,₫18.300,https://shopee.vn/product/1021945839/24042118029,https://s.shopee.vn/6fZTyzTV6h
27613001277,Áo Giữ Nhiệt Ecochic Lông Cừu Len Merino Cashmere Bông Sợi Tân Cương Chất Liệu Cao Cấp Siêu Giữ Nhiệt Nhiều Màu B089,"250,0k",2k+,ECOCHIC Official Store,10%,₫25.000,https://shopee.vn/product/1021945839/27613001277,https://s.shopee.vn/7plRN8P3jw
22460977416,Set áo thun tăm viền khuy vàng kèm chân váy xếp ly có quần bảo hộ xixeoshop - S105,"99,0k",200k+,xí xẹo shop,8%,₫7.920,https://shopee.vn/product/7254273/22460977416,https://s.shopee.vn/7fS1ApPh4v
19533439544,"Bộ Pijama Cho Nữ cổ sen CỘC DÀI dễ thương nhiều màu, Đồ bộ mặc nhà pyjama quần dài nữ","97,5k",90k+,Hacomi,2%,₫1.950,https://shopee.vn/product/597880382/19533439544,https://s.shopee.vn/7V8ayWQKPu
28822878373,"Quần Kaki xếp ly nữ ống suông, quần ống rộng nữ chất kaki rũ mềm mịn chuẩn form tôn dáng phong cách cá tính hottrend 006","133,0k",10k+,QMT FASHION SẢN XUẤT SỈ SLL,12%,₫15.960,https://shopee.vn/product/803708633/28822878373,https://s.shopee.vn/7KpAmDQxkt
2418167101,[COMBO ƯU ĐÃI] 10 Quần Lót Nữ VERA Cotton thoáng khí kháng khuẩn - 7166 [Giao màu ngẫu nhiên],"364,0k",20k+,VERA Official Store,13%,₫47.320,https://shopee.vn/product/13346195/2418167101,https://s.shopee.vn/5q0MzSWfnc
29342054211,Set Bộ Váy ECOCHIC Áo Crop Halfzip Cổ Cao Logo Thêu Ngực Chân Váy Dài Chất Liệu Cao Cấp Mềm Mịn Chính Hãng B194,"980,0k",124,ECOCHIC Official Store,10%,₫98.000,https://shopee.vn/product/1021945839/29342054211,https://s.shopee.vn/5fgwn9XJ8b
23824884944,Áo Ngực Bà Bầu 2mama chất liệu su non cho con bú và sau sinh không gọng nâng đỡ chống chảy sệ cho mẹ bầu mới B102,"52,0k",100k+,2mama - Đầm Bầu Thiết Kế,4%,₫2.080,https://shopee.vn/product/354267233/23824884944,https://s.shopee.vn/5VNWaqXwTa
2590808857,Top Áo Thun Trơn Phom Vừa THOITRANG24H Nhiều Màu Basic Nam Nữ Ngắn Tay Vải Dày Mịn Đủ Size,"33,0k",100k+,Thời Trang 24 Giờ,8%,₫2.640,https://shopee.vn/product/121129454/2590808857,https://s.shopee.vn/5L46OXYZoZ
21573182831,Combo 2 áo ngực Chichi Bra mút xốp bàn tay nâng ngực Combo2_A01,"149,0k",10k+,Chichi Houses,11%,₫16.390,https://shopee.vn/product/100489601/21573182831,https://s.shopee.vn/6VG3mgU8Ro
8444773292,"Quần jean flared jean 15 màu lưng cao ống đứng loe nhẹ form hàn, màu xám vải nhập xịn hàn quốc","159,0k",80k+,BUMBER'S JEANS,5%,₫7.950,https://shopee.vn/product/236267659/8444773292,https://s.shopee.vn/6KwdaNUlmn
3533577820,"Quần Short Lửng Cartoon Thú Unisex (Nhiều mẫu)-Lapi VN ,FREESIZE đến 65kg,","39,0k",100k+,Lapi VN,10%,₫3.900,https://shopee.vn/product/133312929/3533577820,https://s.shopee.vn/6AdDO4VP7m
2403837026,"Nước hoa hồng Dear, Klairs Supple Preparation Toner","313,2k",400k+,dearklairs_vietnam,12%,₫37.584,https://shopee.vn/product/158647903/2403837026,https://s.shopee.vn/60JnBlW2Sl
1226033104,Nước tẩy trang làm sạch sâu cho da nhạy cảm La Roche-Posay Micellar Water Sensitive Skin 400ml,"482,0k",200k+,La Roche-Posay Chính Hãng,8%,₫38.560,https://shopee.vn/product/37251700/1226033104,https://s.shopee.vn/9pWVkoHRgW
23087040540,"Máy Sấy Tóc Tạo Kiểu ION ÂM K3500 KAW không cánh quạt 2 chiều nóng lạnh 3 tốc độ sấy,Công suất 2200W","392,0k",20k+,Gia Dụng KAW,7%,₫27.440,https://shopee.vn/product/541608989/23087040540,https://s.shopee.vn/9fD5YVI51V
12137705300,[d'Alba Official] Serum dạng xịt khoáng căng bóng da  First Spray Serum 50ml/100ml - Mist Serum,"319,2k",200k+,d'Alba Official Store,10%,₫31.920,https://shopee.vn/product/562665255/12137705300,https://s.shopee.vn/9UtfMCIiMU
5386949803,Serum chống nắng cơ thể Vaseline 50x bảo vệ da với SPF 50+ PA++++ giúp da sáng hơn gấp 2X 300ml,"147,0k",300k+,Unilever - Chăm Sóc Cá Nhân,10%,₫14.700,https://shopee.vn/product/111138057/5386949803,https://s.shopee.vn/9KaF9tJLhT
17660243784,"Bút Kẻ Mắt Nước Nét Sắc Mãnh, Không Trôi Kissme Smooth Liquid Eyeliner Super Keep (3 Màu)","229,0k",10k+,Kissme Việt Nam ,15%,₫34.350,https://shopee.vn/product/593829709/17660243784,https://s.shopee.vn/AUmCY2EuKi
21192208405,Tinh chất dưỡng tóc không xả iShine – giải pháp phục hồi chuyên biệt,"150,0k",10k+,ISHINE Official Store,13%,₫19.500,https://shopee.vn/product/226983259/21192208405,https://s.shopee.vn/AKSmLjFXfh
18364990101,"Kem chống nắng nâng tone, làm dịu và bảo vệ da ATO Mild Sun Cream Pyunkang Yul 75ml","356,0k",7k+,Pyunkang Yul Viet Nam,12%,₫42.720,https://shopee.vn/product/903691349/18364990101,https://s.shopee.vn/AA9M9QGB0g
7108345232,Cà phê Đắk lắk làm sạch da chết COCOON 200ml HŨ (Dak lak coffee body polish),"103,0k",200k+,VEGAN -  Mỹ phẩm thuần chay,4%,₫4.120,https://shopee.vn/product/22823111/7108345232,https://s.shopee.vn/9zpvx7GoLf
11991139182,Bút Kẻ Mắt Nước JUDYDOLL 0.4g Siêu Mảnh 0.014mm Chống Thấm Nước Không Lem Khô Nhanh Dễ Sử Dụng,"181,0k",70k+,Judydoll Official Store,10%,₫18.100,https://shopee.vn/product/341989119/11991139182,https://s.shopee.vn/8V18AMMWOO
27810208891,"Dầu Gội Mọc Tóc Giảm Gàu, Dầu Gội  Kích Thích Mọc Tóc, Giảm Nấm Ngứa, Bảo Vê Nang Tóc Chắc Khỏe Mượt","95,0k",200k+,NiNi Beauty Home,10%,₫9.500,https://shopee.vn/product/1331843550/27810208891,https://s.shopee.vn/8Khhy3N9jN
580590480,[PHIÊN BẢN NÂNG TONE] Kem chống nắng nâng tone cho da dầu La Roche-Posay Anthelios XL SPF50+ PA++++ 50ml,"494,0k",300k+,La Roche-Posay Chính Hãng,8%,₫39.520,https://shopee.vn/product/37251700/580590480,https://s.shopee.vn/8AOHlkNn4M
7906998505,Tẩy da chết cơ thể cà phê Đắk Lắk Cocoon cho làn da mềm mại và rạng rỡ 200ml,"123,0k",200k+,Cocoon Vietnam Chính Hãng,8%,₫9.840,https://shopee.vn/product/175753395/7906998505,https://s.shopee.vn/804rZROQPL
3854824846,Bộ 2 nước tẩy trang đa năng 3in1 tươi mát L'Oreal Paris (xanh dương nhạt) 400ml,"359,0k",200k+,L'Oreal Paris Official Store,6%,₫21.540,https://shopee.vn/product/37251933/3854824846,https://s.shopee.vn/9AGoxaJz2a
2380724100,"Combo Dầu Gội Và Dầu Xả TRESemmé Keratin Smooth Cho Tóc Khô Xơ Rối Vào Nếp Suôn Mượt 640g, 620g","313,0k",400k+,Unilever - Chăm Sóc Cá Nhân,2%,₫6.260,https://shopee.vn/product/111138057/2380724100,https://s.shopee.vn/8zxOlHKcNZ
8878211498,"[Torriden Chính hãng] Kem dưỡng làm dịu da DIVE IN chứa Hyaluronic Acid, 100ml, Soothing Cream","326,4k",100k+,VN_Torriden Official Store,15%,₫48.960,https://shopee.vn/product/436346871/8878211498,https://s.shopee.vn/8pdyYyLFiY
29025947118,Kem chống nắng MizuMi UV Cooling Body Serum 165ml,"139,0k",4k+,MizuMi and Bomi Official Store,15%,₫20.850,https://shopee.vn/product/1072927041/29025947118,https://s.shopee.vn/8fKYMfLt3X
20225606598,"[NEW DEW] Son Tint Bóng Hàn Quốc Bền Màu, Lâu Trôi Cho Đôi Môi Căng Mọng, Ẩm Mịn Merzy The Watery Dew Tint 4g","176,0k",300k+,Merzy Official Store ,5%,₫8.800,https://shopee.vn/product/193207976/20225606598,https://s.shopee.vn/1qUEE6ltvE
22540228244,Máy làm tóc 5 in 1 uốn xoăn phồng sấy - Máy sấy uốn tóc tạo kiểu đa năng mini 3 mức nhiệt hàn quốc hàng chính hãng _U1 N,"249,0k",478,Gia Dụng COOK_HOUSE,6%,₫14.940,https://shopee.vn/product/530761916/22540228244,https://s.shopee.vn/1gAo1nmXGD
